Name,Julian Soh
CurrentOmegaR_rad_s,20.943951
PreviousOmegaR_rad_s,-20.943951
Kp,0.104000
Ki,2.070000
BTI,5.000000

Sample,Omega_J_rad_s,Ua
0,-20.862139,4.487972
1,-15.953400,4.384753
2,-6.749515,3.761807
3,1.227185,3.177578
4,8.590292,2.577779
5,14.112623,2.102739
6,18.407769,1.704521
7,22.089323,1.328836
8,24.543693,1.049026
9,26.384470,0.810802
10,27.611654,0.620515
11,29.452431,0.350537
12,29.452431,0.262474
13,29.452431,0.174412
14,30.066023,0.019360
15,29.452431,-0.008065
16,28.838839,-0.029138
17,28.838839,-0.110851
18,27.611654,-0.058585
19,27.611654,-0.127595
20,26.998062,-0.129617
21,26.384470,-0.125288
22,25.157285,-0.047620
23,25.157285,-0.091228
24,23.930100,-0.000858
25,23.930100,-0.031765
26,23.316508,0.004318
27,22.702916,0.046751
28,22.702916,0.028545
29,22.089323,0.077329
30,22.089323,0.065474
31,21.475731,0.120609
32,20.862139,0.182094
33,20.862139,0.182941
34,21.475731,0.116798
35,20.862139,0.178283
36,20.862139,0.179130
37,20.862139,0.179977
38,20.248546,0.247813
39,20.862139,0.188021
40,20.862139,0.188868
41,20.862139,0.189715
42,20.862139,0.190561
43,20.248546,0.258397
44,20.862139,0.198606
45,20.862139,0.199452
46,20.862139,0.200299
47,20.862139,0.201146
48,20.862139,0.201993
49,20.248546,0.269828
50,20.862139,0.210037
51,20.862139,0.210883
52,20.248546,0.278719
53,20.862139,0.218928
54,20.862139,0.219774
55,20.862139,0.220621
56,20.862139,0.221468
57,20.862139,0.222315
58,20.248546,0.290150
59,20.862139,0.230359
60,21.475731,0.164217
61,20.862139,0.225702
62,20.248546,0.293537
63,20.862139,0.233746
64,20.862139,0.234593
65,21.475731,0.168451
66,20.862139,0.229936
67,20.862139,0.230782
68,20.862139,0.231629
69,20.862139,0.232476
70,20.862139,0.233323
71,21.475731,0.167180
72,20.862139,0.228665
73,20.862139,0.229512
74,20.862139,0.230359
75,20.862139,0.231206
76,20.862139,0.232052
77,21.475731,0.165910
78,20.862139,0.227395
79,20.862139,0.228242
80,21.475731,0.162100
81,20.862139,0.223585
82,20.862139,0.224432
83,20.862139,0.225278
84,21.475731,0.159136
85,20.862139,0.220621
86,20.862139,0.221468
87,20.862139,0.222315
88,21.475731,0.156173
89,20.862139,0.217658
90,20.862139,0.218504
91,20.862139,0.219351
92,20.862139,0.220198
93,20.862139,0.221045
94,21.475731,0.154902
95,20.248546,0.283376
96,20.862139,0.223585
97,21.475731,0.157443
98,20.862139,0.218928
99,20.862139,0.219774
100,20.862139,0.220621
101,20.862139,0.221468
102,20.862139,0.222315
103,20.862139,0.223161
104,20.862139,0.224008
105,20.862139,0.224855
106,20.862139,0.225702
107,21.475731,0.159560
108,20.862139,0.221045
109,20.862139,0.221891
110,20.862139,0.222738
111,20.248546,0.290574
112,20.862139,0.230782
113,21.475731,0.164640
114,20.862139,0.226125
115,20.248546,0.293961
116,20.862139,0.234169
117,20.862139,0.235016
118,20.862139,0.235863
119,20.862139,0.236710
120,20.862139,0.237556
121,20.862139,0.238403
122,20.862139,0.239250
123,20.862139,0.240097
124,20.862139,0.240943
125,20.248546,0.308779
126,20.862139,0.248988
127,20.862139,0.249834
128,21.475731,0.183692
129,20.862139,0.245177
130,20.248546,0.313013
131,20.862139,0.253221
132,21.475731,0.187079
133,20.862139,0.248564
134,20.862139,0.249411
135,20.862139,0.250258
136,20.862139,0.251104
137,20.862139,0.251951
138,21.475731,0.185809
139,20.862139,0.247294
140,21.475731,0.181152
141,20.862139,0.242637
142,20.862139,0.243484
143,20.862139,0.244330
144,21.475731,0.178188
145,20.862139,0.239673
146,20.862139,0.240520
147,20.862139,0.241367
148,20.862139,0.242214
149,21.475731,0.176071
150,20.862139,0.237556
151,21.475731,0.171414
152,21.475731,0.165910
153,20.862139,0.227395
154,20.862139,0.228242
155,21.475731,0.162100
156,20.862139,0.223585
157,20.862139,0.224432
158,20.862139,0.225278
159,20.862139,0.226125
160,20.862139,0.226972
161,20.862139,0.227819
162,20.862139,0.228665
163,20.862139,0.229512
164,21.475731,0.163370
165,20.862139,0.224855
166,20.862139,0.225702
167,20.862139,0.226549
168,20.862139,0.227395
169,20.862139,0.228242
170,21.475731,0.162100
171,20.862139,0.223585
172,20.862139,0.224432
173,21.475731,0.158289
174,20.862139,0.219774
175,21.475731,0.153632
176,21.475731,0.148128
177,20.862139,0.209613
178,20.862139,0.210460
179,21.475731,0.144318
180,20.862139,0.205803
181,21.475731,0.139661
182,20.862139,0.201146
183,20.862139,0.201993
184,20.862139,0.202839
185,20.862139,0.203686
186,20.862139,0.204533
187,20.862139,0.205380
188,20.862139,0.206226
189,20.862139,0.207073
190,21.475731,0.140931
191,20.862139,0.202416
192,20.862139,0.203263
193,20.862139,0.204109
194,20.862139,0.204956
195,20.862139,0.205803
196,20.862139,0.206650
197,21.475731,0.140508
198,20.862139,0.201993
199,20.862139,0.202839
200,20.862139,0.203686
201,20.862139,0.204533
202,20.862139,0.205380
203,20.862139,0.206226
204,21.475731,0.140084
205,20.862139,0.201569
206,20.862139,0.202416
207,20.862139,0.203263
208,21.475731,0.137120
209,20.862139,0.198606
210,20.862139,0.199452
211,20.862139,0.200299
212,20.862139,0.201146
213,20.862139,0.201993
214,20.862139,0.202839
215,20.862139,0.203686
216,20.862139,0.204533
217,20.862139,0.205380
218,21.475731,0.139237
219,20.862139,0.200722
220,20.862139,0.201569
221,20.862139,0.202416
222,20.862139,0.203263
223,20.862139,0.204109
224,20.862139,0.204956
225,21.475731,0.138814
226,20.862139,0.200299
227,20.862139,0.201146
228,20.862139,0.201993
229,20.862139,0.202839
230,20.248546,0.270675
231,21.475731,0.143895
232,20.862139,0.205380
233,20.862139,0.206226
234,20.862139,0.207073
235,20.862139,0.207920
236,20.862139,0.208767
237,20.862139,0.209613
238,20.862139,0.210460
239,21.475731,0.144318
240,20.862139,0.205803
241,20.862139,0.206650
242,20.862139,0.207496
243,20.862139,0.208343
244,20.862139,0.209190
245,20.862139,0.210037
246,20.862139,0.210883
247,21.475731,0.144741
248,20.862139,0.206226
249,20.862139,0.207073
